"Time (s)","Latitude (°)","Longitude (°)","Height (m)","Velocity (m/s)","Direction (°)","Horizontal Accuracy (m)","Vertical Accuracy (m)"
5.347625000E-2,6.496642610E1,2.561379970E1,1.899360249E1,NaN,NaN,1.513379974E2,2.222329712E1
7.542088600E-2,6.496642610E1,2.561379970E1,1.899360249E1,NaN,NaN,1.514920044E2,2.225409508E1
5.658609370E-1,6.496616034E1,2.561413469E1,5.234269640E0,1.129999995E0,1.720000076E1,3.790092468E0,2.500000000E0
2.036944114E0,6.496610967E1,2.561405773E1,5.943521344E0,0.000000000E0,0.000000000E0,3.814776659E0,4.618596554E0
2.607780103E0,6.496611015E1,2.561405721E1,6.025003807E0,0.000000000E0,NaN,3.932438612E0,4.618596554E0
3.608190467E0,6.496612949E1,2.561410973E1,6.731008734E0,0.000000000E0,0.000000000E0,3.790092468E0,3.653156519E0
4.607669269E0,6.496613833E1,2.561412478E1,6.663449197E0,0.000000000E0,0.000000000E0,3.790092468E0,2.992530346E0
5.607945415E0,6.496614620E1,2.561414281E1,6.481813618E0,0.000000000E0,0.000000000E0,3.790092468E0,2.500000000E0
6.607766039E0,6.496616523E1,2.561415496E1,6.726031787E0,1.960000038E0,2.600000000E1,3.790092468E0,2.500000000E0
7.607997185E0,6.496617413E1,2.561416709E1,9.185023000E0,1.340000033E0,5.379999924E1,3.790092468E0,2.500000000E0
8.608302601E0,6.496618390E1,2.561418971E1,1.019619866E1,1.299999952E0,7.819999695E1,3.790092468E0,2.500000000E0
9.608390361E0,6.496619101E1,2.561421606E1,1.070517401E1,1.269999981E0,9.000000000E1,3.790092468E0,2.500000000E0
1.060780036E1,6.496619332E1,2.561424290E1,1.082907391E1,1.370000005E0,1.011999969E2,3.790092468E0,2.500000000E0
1.160799395E1,6.496619170E1,2.561429912E1,1.084060031E1,1.450000048E0,1.109000015E2,3.790092468E0,2.500000000E0
1.260820869E1,6.496618698E1,2.561432815E1,1.077461282E1,1.460000038E0,1.131999969E2,3.790092468E0,2.500000000E0
1.360775291E1,6.496618191E1,2.561435728E1,1.045038524E1,1.460000038E0,1.144000015E2,3.790092468E0,2.500000000E0
1.460852572E1,6.496617708E1,2.561438484E1,1.062811123E1,1.330000043E0,1.136999969E2,3.790092468E0,2.500000000E0
1.560829619E1,6.496617263E1,2.561441409E1,1.038915034E1,1.360000014E0,1.139000015E2,3.790092468E0,2.500000000E0
1.660824145E1,6.496616750E1,2.561444125E1,1.017643420E1,1.340000033E0,1.163000031E2,3.790092468E0,2.500000000E0
1.760829921E1,6.496616208E1,2.561446842E1,1.017471632E1,1.350000024E0,1.169000015E2,3.790092468E0,2.500000000E0
1.860797530E1,6.496615591E1,2.561449541E1,1.022255829E1,1.370000005E0,1.166999969E2,3.790092468E0,2.500000000E0
1.960854989E1,6.496615016E1,2.561452516E1,1.006642079E1,1.399999976E0,1.163000031E2,3.790092468E0,2.500000000E0
2.060837051E1,6.496614590E1,2.561455347E1,1.013757984E1,1.370000005E0,1.143000031E2,3.790092468E0,2.500000000E0
2.160819228E1,6.496614139E1,2.561458244E1,9.955686796E0,1.409999967E0,1.110999985E2,3.790092468E0,2.500000000E0
2.260824359E1,6.496613604E1,2.561461120E1,9.659474134E0,1.409999967E0,1.115000000E2,3.790092468E0,2.500000000E0
2.360777161E1,6.496613235E1,2.561463864E1,9.566815484E0,1.429999948E0,1.149000015E2,3.790092468E0,2.500000000E0
2.460824718E1,6.496612742E1,2.561466491E1,9.382053759E0,1.399999976E0,1.144000015E2,3.790092468E0,2.500000000E0
2.560768593E1,6.496612189E1,2.561469002E1,9.450404412E0,1.360000014E0,1.163000031E2,3.790092468E0,2.500000000E0
2.660837884E1,6.496611580E1,2.561471515E1,9.268205211E0,1.370000005E0,1.195999985E2,3.790092468E0,2.500000000E0
2.760810858E1,6.496611030E1,2.561474168E1,8.852241734E0,1.379999995E0,1.168000031E2,3.790092468E0,2.500000000E0
2.860850983E1,6.496610547E1,2.561477115E1,8.506590994E0,1.409999967E0,1.120000000E2,3.790092468E0,2.500000000E0
2.960842634E1,6.496610155E1,2.561479780E1,8.426078228E0,1.379999995E0,1.144000015E2,3.790092468E0,2.500000000E0
3.060849890E1,6.496609603E1,2.561482557E1,8.145856749E0,1.429999948E0,1.150000000E2,3.790092468E0,2.500000000E0
3.160777285E1,6.496608950E1,2.561485366E1,8.058688460E0,1.399999976E0,1.144000015E2,3.790092468E0,2.500000000E0
3.260786900E1,6.496608222E1,2.561488093E1,8.314720251E0,1.419999957E0,1.156999969E2,3.790092468E0,2.500000000E0
3.360840733E1,6.496607556E1,2.561490626E1,8.134778779E0,1.399999976E0,1.141999969E2,3.790092468E0,2.500000000E0
3.460772634E1,6.496606957E1,2.561493261E1,8.229923256E0,1.379999995E0,1.153000031E2,3.790092468E0,2.500000000E0
3.560843020E1,6.496606435E1,2.561495927E1,8.428706121E0,1.389999986E0,1.115999985E2,3.790092468E0,2.500000000E0
3.660787332E1,6.496605820E1,2.561498320E1,7.944321968E0,1.419999957E0,1.171999969E2,3.790092468E0,2.500000000E0
3.760784103E1,6.496605196E1,2.561500929E1,7.840613702E0,1.429999948E0,1.141999969E2,3.790092468E0,2.500000000E0
3.860788342E1,6.496604629E1,2.561503844E1,7.820340620E0,1.460000038E0,1.121999969E2,3.790092468E0,2.500000000E0
3.960798050E1,6.496604224E1,2.561506729E1,7.650044713E0,1.409999967E0,1.093000031E2,3.790092468E0,2.500000000E0
4.060853150E1,6.496603899E1,2.561509836E1,7.309156004E0,1.409999967E0,1.059000015E2,3.790092468E0,2.500000000E0
4.160766571E1,6.496603475E1,2.561512613E1,7.660893755E0,1.440000057E0,1.095999985E2,3.790092468E0,2.500000000E0
4.260784238E1,6.496603023E1,2.561515420E1,7.771420259E0,1.419999957E0,1.116999969E2,3.790092468E0,2.500000000E0
4.360849530E1,6.496602581E1,2.561518335E1,7.677173761E0,1.429999948E0,1.086999969E2,3.790092468E0,2.500000000E0
4.460848410E1,6.496602231E1,2.561521205E1,7.675640607E0,1.429999948E0,1.070000000E2,3.790092468E0,2.500000000E0
4.560767910E1,6.496601847E1,2.561523834E1,7.565403844E0,1.440000057E0,1.066999969E2,3.790092468E0,2.500000000E0
4.660770884E1,6.496601565E1,2.561526785E1,7.470243298E0,1.460000038E0,1.045999985E2,3.790092468E0,2.500000000E0
4.760829847E1,6.496601134E1,2.561529731E1,7.670003211E0,1.450000048E0,1.116999969E2,3.790092468E0,2.500000000E0
4.860784258E1,6.496600809E1,2.561532901E1,7.599866368E0,1.440000057E0,1.074000015E2,3.790092468E0,2.500000000E0
4.960770207E1,6.496600442E1,2.561535955E1,7.616948521E0,1.460000038E0,1.080000000E2,3.790092468E0,2.500000000E0
5.060810430E1,6.496600137E1,2.561539076E1,7.672483323E0,1.450000048E0,1.038000031E2,3.790092468E0,2.500000000E0
5.160786477E1,6.496599800E1,2.561542080E1,7.530569249E0,1.429999948E0,1.065000000E2,3.790092468E0,2.500000000E0
5.260839498E1,6.496599470E1,2.561545141E1,7.420210340E0,1.429999948E0,1.050000000E2,3.790092468E0,2.500000000E0
5.360821649E1,6.496599119E1,2.561548123E1,7.564367939E0,1.419999957E0,1.051999969E2,3.790092468E0,2.500000000E0
5.460818555E1,6.496598830E1,2.561551171E1,7.599883463E0,1.399999976E0,1.035000000E2,3.790092468E0,2.500000000E0
5.560789665E1,6.496598561E1,2.561554230E1,7.559532463E0,1.440000057E0,1.038000031E2,3.790092468E0,2.500000000E0
5.660819175E1,6.496598349E1,2.561557146E1,7.438982008E0,1.379999995E0,1.019000015E2,3.790092468E0,2.500000000E0
5.760761201E1,6.496598053E1,2.561560124E1,7.572031740E0,1.379999995E0,1.040999985E2,3.790092468E0,2.500000000E0
5.860791217E1,6.496597818E1,2.561563236E1,7.626346520E0,1.419999957E0,9.990000153E1,3.790092468E0,2.500000000E0
5.960761878E1,6.496597498E1,2.561566207E1,7.572811559E0,1.409999967E0,1.020999985E2,3.790092468E0,2.500000000E0
6.060793170E1,6.496597308E1,2.561569164E1,7.768484403E0,1.379999995E0,1.018000031E2,3.790092468E0,2.500000000E0
6.160820961E1,6.496597040E1,2.561572148E1,7.792647675E0,1.429999948E0,1.030000000E2,3.790092468E0,2.500000000E0
6.260827227E1,6.496596867E1,2.561574884E1,7.763894715E0,1.370000005E0,9.980000305E1,3.790092468E0,2.500000000E0
6.360812347E1,6.496596589E1,2.561577784E1,7.826143944E0,1.419999957E0,1.029000015E2,3.790092468E0,2.500000000E0
6.460793810E1,6.496596227E1,2.561580583E1,7.732447685E0,1.460000038E0,1.056999969E2,3.790092468E0,2.500000000E0
6.560780503E1,6.496595986E1,2.561583242E1,8.105854824E0,1.389999986E0,1.034000015E2,3.790092468E0,2.500000000E0
6.660841289E1,6.496595777E1,2.561585979E1,8.364455034E0,1.440000057E0,9.890000153E1,3.790092468E0,2.500000000E0
6.760835388E1,6.496595611E1,2.561588718E1,8.551339343E0,1.379999995E0,9.919999695E1,3.790092468E0,2.500000000E0
6.860767638E1,6.496595427E1,2.561591423E1,8.963870499E0,1.370000005E0,9.669999695E1,3.790092468E0,2.500000000E0
6.960822898E1,6.496595291E1,2.561594487E1,9.283017833E0,1.429999948E0,9.559999847E1,3.790092468E0,2.500000000E0
7.060807883E1,6.496595275E1,2.561597339E1,9.290948342E0,1.419999957E0,9.119999695E1,3.790092468E0,2.500000000E0
7.160833201E1,6.496595200E1,2.561600217E1,9.465748369E0,1.370000005E0,9.180000305E1,3.790092468E0,2.500000000E0
7.260791055E1,6.496595148E1,2.561602942E1,9.344223142E0,1.360000014E0,9.380000305E1,3.790092468E0,2.500000000E0
7.360843846E1,6.496595050E1,2.561606039E1,9.139872259E0,1.429999948E0,9.609999847E1,9.935046196E0,2.500000000E0
7.460814508E1,6.496595034E1,2.561609036E1,8.793981768E0,1.419999957E0,9.209999847E1,9.935046196E0,2.500000000E0
7.560809867E1,6.496595008E1,2.561611942E1,9.052583495E0,1.379999995E0,9.490000153E1,9.935046196E0,2.500000000E0
7.660800893E1,6.496594929E1,2.561614720E1,8.932644851E0,1.360000014E0,9.730000305E1,9.935046196E0,2.500000000E0
7.760784487E1,6.496594774E1,2.561617519E1,8.708396370E0,1.399999976E0,9.909999847E1,9.935046196E0,2.500000000E0
7.860850877E1,6.496594659E1,2.561620092E1,8.752581199E0,1.320000052E0,9.790000153E1,9.935046196E0,2.500000000E0
7.960829377E1,6.496594719E1,2.561622990E1,8.802138348E0,1.389999986E0,9.119999695E1,9.935046196E0,2.500000000E0
8.060782492E1,6.496594704E1,2.561626083E1,8.785105157E0,1.460000038E0,9.100000000E1,9.935046196E0,2.500000000E0
8.160839846E1,6.496594647E1,2.561629028E1,8.948979971E0,1.409999967E0,9.200000000E1,9.935046196E0,2.500000000E0
8.260792429E1,6.496594492E1,2.561632073E1,8.934570021E0,1.419999957E0,9.269999695E1,9.935046196E0,2.500000000E0
8.360842611E1,6.496594362E1,2.561634871E1,9.132501956E0,1.429999948E0,9.480000305E1,9.935046196E0,2.500000000E0
8.460793887E1,6.496594340E1,2.561637953E1,9.189077112E0,1.480000019E0,9.130000305E1,9.935046196E0,2.500000000E0
8.560844216E1,6.496594237E1,2.561641014E1,9.214462558E0,1.409999967E0,9.230000305E1,9.935046196E0,2.500000000E0
8.660831346E1,6.496594160E1,2.561644102E1,9.074320872E0,1.389999986E0,9.200000000E1,9.935046196E0,2.500000000E0
8.760773752E1,6.496594136E1,2.561647245E1,8.981054616E0,1.409999967E0,8.969999695E1,9.935046196E0,2.500000000E0
8.860828174E1,6.496594020E1,2.561650494E1,8.941986555E0,1.409999967E0,9.250000000E1,9.935046196E0,2.500000000E0
8.960769096E1,6.496593848E1,2.561653586E1,8.722986534E0,1.379999995E0,9.619999695E1,9.935046196E0,2.500000000E0
9.060777497E1,6.496593658E1,2.561656630E1,8.730609941E0,1.360000014E0,9.700000000E1,9.935046196E0,2.500000000E0
9.160786747E1,6.496593563E1,2.561659711E1,8.713148756E0,1.350000024E0,9.380000305E1,9.935046196E0,2.500000000E0
9.260801830E1,6.496593514E1,2.561662718E1,8.511300905E0,1.330000043E0,9.240000153E1,9.935046196E0,2.500000000E0
9.360842121E1,6.496593481E1,2.561665864E1,8.556828505E0,1.419999957E0,9.100000000E1,9.935046196E0,2.500000000E0
9.460844543E1,6.496593328E1,2.561668892E1,8.554869769E0,1.409999967E0,9.590000153E1,9.935046196E0,2.500000000E0
9.560774038E1,6.496593142E1,2.561671842E1,8.569207210E0,1.389999986E0,9.680000305E1,9.935046196E0,2.500000000E0
9.660792689E1,6.496593150E1,2.561674764E1,8.653431798E0,1.360000014E0,9.000000000E1,9.935046196E0,2.500000000E0
9.760847850E1,6.496593178E1,2.561677488E1,8.460007922E0,1.379999995E0,9.019999695E1,9.935046196E0,2.500000000E0
9.860849220E1,6.496593249E1,2.561680151E1,8.449812080E0,1.340000033E0,8.690000153E1,9.935046196E0,2.500000000E0
9.960833283E1,6.496593116E1,2.561683056E1,8.386025090E0,1.389999986E0,9.340000153E1,9.935046196E0,2.500000000E0
1.006084235E2,6.496592988E1,2.561685987E1,8.329928541E0,1.389999986E0,9.300000000E1,9.935046196E0,2.500000000E0
1.016081727E2,6.496593083E1,2.561688951E1,8.235259860E0,1.389999986E0,8.950000000E1,9.935046196E0,2.500000000E0
1.026079167E2,6.496593045E1,2.561692066E1,7.951441752E0,1.429999948E0,9.290000153E1,9.935046196E0,2.500000000E0
1.036078660E2,6.496593047E1,2.561695055E1,8.026449882E0,1.440000057E0,9.019999695E1,9.935046196E0,2.500000000E0
1.046077668E2,6.496592974E1,2.561698178E1,7.996110432E0,1.429999948E0,9.340000153E1,9.935046196E0,2.500000000E0
1.056077429E2,6.496592969E1,2.561701016E1,7.831433643E0,1.370000005E0,9.180000305E1,9.935046196E0,2.500000000E0
1.066079041E2,6.496592917E1,2.561703712E1,7.889779061E0,1.379999995E0,9.369999695E1,9.935046196E0,2.500000000E0
1.076084920E2,6.496592995E1,2.561706577E1,7.801030763E0,1.419999957E0,8.890000153E1,9.935046196E0,2.500000000E0
1.086081408E2,6.496593077E1,2.561709549E1,7.888185677E0,1.409999967E0,8.950000000E1,9.935046196E0,2.500000000E0
1.096082658E2,6.496593080E1,2.561712656E1,7.817319632E0,1.440000057E0,9.200000000E1,9.935046196E0,2.500000000E0
1.106078599E2,6.496593069E1,2.561715667E1,7.586053193E0,1.399999976E0,9.069999695E1,9.935046196E0,2.500000000E0
1.116082338E2,6.496593085E1,2.561718493E1,7.867543614E0,1.429999948E0,8.980000305E1,9.935046196E0,2.500000000E0
1.126079462E2,6.496593101E1,2.561721629E1,8.185166423E0,1.429999948E0,8.959999847E1,9.935046196E0,2.500000000E0
1.136084545E2,6.496592922E1,2.561724639E1,8.242533633E0,1.440000057E0,9.450000000E1,9.935046196E0,2.500000000E0
1.146081470E2,6.496592837E1,2.561727499E1,8.499120698E0,1.470000029E0,9.250000000E1,9.935046196E0,2.500000000E0
1.156084146E2,6.496592783E1,2.561730595E1,8.710297580E0,1.509999990E0,9.159999847E1,9.935046196E0,2.500000000E0
1.166085084E2,6.496592717E1,2.561733719E1,8.737941594E0,1.460000038E0,9.009999847E1,9.935046196E0,2.500000000E0
1.176077039E2,6.496592598E1,2.561736926E1,8.653646510E0,1.500000000E0,9.400000000E1,9.935046196E0,2.500000000E0
1.186080212E2,6.496592619E1,2.561740130E1,8.559648180E0,1.509999990E0,8.850000000E1,9.935046196E0,2.500000000E0
1.196077654E2,6.496592599E1,2.561743375E1,8.485607897E0,1.519999981E0,9.000000000E1,9.935046196E0,2.500000000E0
1.206084244E2,6.496592606E1,2.561746609E1,8.407783708E0,1.500000000E0,8.950000000E1,9.935046196E0,2.500000000E0
1.216079041E2,6.496592591E1,2.561749880E1,8.312014922E0,1.529999971E0,9.040000153E1,9.935046196E0,2.500000000E0
1.226083109E2,6.496592508E1,2.561753140E1,8.261899798E0,1.529999971E0,9.280000305E1,9.935046196E0,2.500000000E0
1.236084890E2,6.496592451E1,2.561756435E1,8.251213585E0,1.519999981E0,9.240000153E1,9.935046196E0,2.500000000E0
1.246081315E2,6.496592329E1,2.561759738E1,8.164415900E0,1.559999943E0,9.490000153E1,9.935046196E0,2.500000000E0
1.256081869E2,6.496592239E1,2.561762998E1,8.189862232E0,1.580000043E0,9.380000305E1,9.935046196E0,2.500000000E0
1.266078789E2,6.496592157E1,2.561766648E1,8.134985840E0,1.620000005E0,9.300000000E1,9.935046196E0,2.500000000E0
1.276079792E2,6.496592063E1,2.561770091E1,7.954987547E0,1.590000033E0,9.040000153E1,9.935046196E0,2.500000000E0
1.286078097E2,6.496592006E1,2.561773567E1,7.940761047E0,1.600000024E0,9.000000000E1,9.935046196E0,2.500000000E0
1.296085268E2,6.496591867E1,2.561777060E1,7.828816455E0,1.629999995E0,9.350000000E1,9.935046196E0,2.500000000E0
1.306081887E2,6.496591833E1,2.561780548E1,7.757339182E0,1.600000024E0,9.090000153E1,9.935046196E0,2.500000000E0
1.316084235E2,6.496591808E1,2.561784090E1,7.787851667E0,1.620000005E0,9.069999695E1,9.935046196E0,2.500000000E0
1.326081652E2,6.496591876E1,2.561787638E1,7.584051068E0,1.600000024E0,8.769999695E1,9.935046196E0,2.500000000E0
1.336084557E2,6.496591857E1,2.561791193E1,7.625244745E0,1.610000014E0,8.950000000E1,9.935046196E0,2.500000000E0
1.346079009E2,6.496591849E1,2.561794781E1,7.504023931E0,1.610000014E0,9.009999847E1,9.935046196E0,2.500000000E0
1.356083118E2,6.496591814E1,2.561798498E1,7.438283639E0,1.620000005E0,9.180000305E1,9.935046196E0,2.500000000E0
1.366078417E2,6.496591721E1,2.561802172E1,7.458053106E0,1.629999995E0,9.350000000E1,9.935046196E0,2.500000000E0
1.376082948E2,6.496591773E1,2.561805672E1,7.386637674E0,1.629999995E0,8.969999695E1,9.935046196E0,2.500000000E0
1.386085816E2,6.496591761E1,2.561809199E1,7.349523350E0,1.659999967E0,9.130000305E1,9.935046196E0,2.500000000E0
1.396077435E2,6.496591725E1,2.561812828E1,7.369415494E0,1.690000057E0,9.180000305E1,9.935046196E0,2.500000000E0
1.406080645E2,6.496591737E1,2.561816349E1,7.154994279E0,1.620000005E0,9.000000000E1,9.935046196E0,2.500000000E0
1.416083969E2,6.496591719E1,2.561819928E1,7.094015081E0,1.649999976E0,9.140000153E1,9.935046196E0,2.500000000E0
1.426081436E2,6.496591646E1,2.561823458E1,7.155838159E0,1.629999995E0,9.269999695E1,9.935046196E0,2.500000000E0
1.436078606E2,6.496591710E1,2.561827044E1,7.094615595E0,1.659999967E0,8.869999695E1,9.935046196E0,2.500000000E0
1.446081671E2,6.496591694E1,2.561830637E1,7.010809248E0,1.649999976E0,9.069999695E1,9.935046196E0,2.500000000E0
1.456085350E2,6.496591729E1,2.561834142E1,7.140077241E0,1.639999986E0,8.990000153E1,9.935046196E0,2.500000000E0
1.466079933E2,6.496591599E1,2.561837688E1,7.388667329E0,1.649999976E0,9.430000305E1,9.935046196E0,2.500000000E0
1.476079569E2,6.496591528E1,2.561841270E1,6.973866820E0,1.639999986E0,9.159999847E1,9.935046196E0,2.500000000E0
1.486084813E2,6.496591429E1,2.561844981E1,6.909224557E0,1.720000029E0,9.190000153E1,9.935046196E0,2.500000000E0
1.496076761E2,6.496591277E1,2.561848657E1,6.809425585E0,1.720000029E0,9.300000000E1,9.935046196E0,2.500000000E0
1.506082112E2,6.496591168E1,2.561852187E1,6.714998318E0,1.659999967E0,9.400000000E1,9.935046196E0,2.500000000E0
1.516084067E2,6.496591078E1,2.561855636E1,6.639553277E0,1.669999957E0,9.390000153E1,9.935046196E0,2.500000000E0
1.526083940E2,6.496590936E1,2.561858934E1,6.897604040E0,1.669999957E0,9.380000305E1,9.935046196E0,2.500000000E0
1.536078850E2,6.496590835E1,2.561862078E1,6.956314586E0,1.649999976E0,9.200000000E1,9.935046196E0,2.500000000E0
1.546084135E2,6.496590700E1,2.561865313E1,7.031260033E0,1.679999948E0,9.209999847E1,9.935046196E0,2.500000000E0
1.556083750E2,6.496590729E1,2.561868483E1,7.492620712E0,1.659999967E0,8.790000153E1,9.935046196E0,2.500000000E0
1.566084382E2,6.496590635E1,2.561871666E1,7.484558810E0,1.659999967E0,9.400000000E1,9.935046196E0,2.500000000E0
1.576082540E2,6.496590490E1,2.561874835E1,8.072016459E0,1.669999957E0,9.530000305E1,9.935046196E0,2.500000000E0
1.586079164E2,6.496590285E1,2.561878256E1,8.032947310E0,1.639999986E0,9.719999695E1,9.935046196E0,2.500000000E0
1.596077397E2,6.496590124E1,2.561881620E1,8.204266843E0,1.679999948E0,9.409999847E1,9.935046196E0,2.500000000E0
1.606084512E2,6.496590017E1,2.561884885E1,8.226966423E0,1.659999967E0,9.409999847E1,9.935046196E0,2.500000000E0
1.616080469E2,6.496589957E1,2.561888325E1,8.381319045E0,1.659999967E0,9.380000305E1,9.935046196E0,2.500000000E0
1.626076544E2,6.496589785E1,2.561891779E1,8.534022627E0,1.679999948E0,9.959999847E1,9.935046196E0,2.500000000E0
1.636081384E2,6.496589541E1,2.561895209E1,8.573993620E0,1.639999986E0,9.859999847E1,9.935046196E0,2.500000000E0
1.646077360E2,6.496589302E1,2.561898685E1,8.516796628E0,1.679999948E0,9.969999695E1,9.935046196E0,2.500000000E0
1.656079176E2,6.496589038E1,2.561902088E1,8.838322642E0,1.669999957E0,1.000000000E2,9.935046196E0,2.500000000E0
1.666076836E2,6.496588779E1,2.561905402E1,8.505429881E0,1.649999976E0,1.005000000E2,9.935046196E0,2.500000000E0
1.676078816E2,6.496588581E1,2.561908715E1,8.370474716E0,1.679999948E0,1.005999985E2,9.935046196E0,2.500000000E0
1.686081692E2,6.496588333E1,2.561911968E1,8.602950795E0,1.629999995E0,1.009000015E2,9.935046196E0,2.500000000E0
1.696077126E2,6.496588078E1,2.561915581E1,8.490028365E0,1.659999967E0,1.011999969E2,9.935046196E0,2.500000000E0
1.706082910E2,6.496587723E1,2.561918933E1,8.296722035E0,1.679999948E0,1.041999969E2,9.935046196E0,2.500000000E0
1.716076598E2,6.496587474E1,2.561922295E1,8.126487994E0,1.679999948E0,1.008000031E2,9.935046196E0,2.500000000E0
1.726079792E2,6.496587209E1,2.561925718E1,8.040177057E0,1.679999948E0,1.040999985E2,9.935046196E0,2.500000000E0
1.736085585E2,6.496586819E1,2.561929154E1,8.346504066E0,1.720000029E0,1.054000015E2,9.935046196E0,2.500000000E0
1.746083351E2,6.496586515E1,2.561932548E1,8.356262131E0,1.649999976E0,1.041999969E2,9.935046196E0,2.500000000E0
1.756079842E2,6.496586176E1,2.561935993E1,8.253837174E0,1.639999986E0,1.029000015E2,9.935046196E0,2.500000000E0
1.766081121E2,6.496585901E1,2.561939469E1,8.346114935E0,1.610000014E0,9.990000153E1,9.935046196E0,2.500000000E0
1.776085002E2,6.496585471E1,2.561942903E1,8.400976720E0,1.639999986E0,1.064000015E2,9.935046196E0,2.500000000E0
1.786080139E2,6.496585109E1,2.561946364E1,8.414518318E0,1.679999948E0,1.031999969E2,9.935046196E0,2.500000000E0
1.796078326E2,6.496584832E1,2.561949757E1,8.544271759E0,1.669999957E0,1.045000000E2,9.935046196E0,2.500000000E0
1.806082985E2,6.496584434E1,2.561953309E1,8.385449606E0,1.679999948E0,1.064000015E2,9.935046196E0,2.500000000E0
1.816084796E2,6.496584090E1,2.561956873E1,8.394291528E0,1.649999976E0,1.015999985E2,3.790092468E0,2.500000000E0
1.826085161E2,6.496583725E1,2.561960703E1,8.899592844E0,1.659999967E0,1.034000015E2,3.790092468E0,2.500000000E0
1.836084499E2,6.496583382E1,2.561964301E1,8.761217932E0,1.690000057E0,1.048000031E2,3.790092468E0,2.500000000E0
1.846084820E2,6.496583051E1,2.561967902E1,8.861490591E0,1.659999967E0,1.011999969E2,3.790092468E0,2.500000000E0
1.856077290E2,6.496582658E1,2.561971124E1,9.081636223E0,1.649999976E0,1.036999969E2,3.790092468E0,2.500000000E0
1.866084236E2,6.496582234E1,2.561974489E1,8.907250112E0,1.649999976E0,1.028000031E2,3.790092468E0,2.500000000E0
1.876083643E2,6.496581876E1,2.561977696E1,8.711990826E0,1.639999986E0,1.046999969E2,3.790092468E0,2.500000000E0
1.886078918E2,6.496581442E1,2.561981120E1,8.648993699E0,1.700000048E0,1.068000031E2,3.790092468E0,2.500000000E0
1.896085387E2,6.496581148E1,2.561984556E1,8.468688324E0,1.659999967E0,1.061999969E2,3.790092468E0,2.500000000E0
1.906078406E2,6.496580822E1,2.561987709E1,8.371879125E0,1.620000005E0,1.071999969E2,3.790092468E0,2.500000000E0
1.916081319E2,6.496580572E1,2.561991046E1,8.522323819E0,1.649999976E0,1.035999985E2,3.790092468E0,2.500000000E0
1.926080149E2,6.496580224E1,2.561994220E1,8.387733618E0,1.620000005E0,1.039000015E2,3.790092468E0,2.500000000E0
1.936079169E2,6.496579923E1,2.561997285E1,8.480927220E0,1.590000033E0,1.034000015E2,3.790092468E0,2.500000000E0
1.946079367E2,6.496579574E1,2.562000651E1,8.519554520E0,1.659999967E0,1.049000015E2,3.790092468E0,2.500000000E0
1.956082472E2,6.496579252E1,2.562004167E1,8.648697010E0,1.659999967E0,1.039000015E2,3.790092468E0,2.500000000E0
1.966079830E2,6.496578924E1,2.562007722E1,8.301826205E0,1.679999948E0,1.030000000E2,3.790092468E0,2.500000000E0
1.976083497E2,6.496578611E1,2.562010896E1,8.204956066E0,1.649999976E0,1.025000000E2,3.790092468E0,2.500000000E0
1.986083250E2,6.496578352E1,2.562014217E1,8.230827941E0,1.620000005E0,1.028000031E2,3.790092468E0,2.500000000E0
1.996080541E2,6.496577986E1,2.562017482E1,8.357345842E0,1.590000033E0,1.084000015E2,3.790092468E0,2.500000000E0
2.006078697E2,6.496577408E1,2.562020514E1,8.054235568E0,1.559999943E0,1.199000015E2,3.790092468E0,2.500000000E0
2.016082538E2,6.496576491E1,2.562022300E1,7.865991923E0,1.409999967E0,1.476000061E2,3.790092468E0,2.500000000E0
2.026079264E2,6.496575124E1,2.562022370E1,7.312878159E0,1.559999943E0,1.761999969E2,3.790092468E0,2.500000000E0
2.036078802E2,6.496573748E1,2.562021549E1,6.741332914E0,1.639999986E0,1.886999969E2,3.790092468E0,2.500000000E0
2.046084996E2,6.496572407E1,2.562020051E1,6.626026725E0,1.679999948E0,1.968999939E2,3.790092468E0,2.500000000E0
2.056084721E2,6.496571073E1,2.562018910E1,6.806618551E0,1.649999976E0,1.951000061E2,3.790092468E0,2.500000000E0
2.066085685E2,6.496569649E1,2.562018124E1,6.571376510E0,1.720000029E0,1.928000031E2,3.790092468E0,2.500000000E0
2.076082001E2,6.496568160E1,2.562017211E1,6.552015368E0,1.809999943E0,1.943000031E2,3.790092468E0,2.500000000E0
2.086079307E2,6.496566612E1,2.562016218E1,6.397949182E0,1.899999976E0,1.951000061E2,3.790092468E0,2.500000000E0
2.096085456E2,6.496564968E1,2.562015055E1,6.081650865E0,2.019999981E0,1.956999969E2,3.790092468E0,2.500000000E0
2.106083261E2,6.496563282E1,2.562013863E1,5.966768202E0,2.009999990E0,1.950000000E2,3.790092468E0,2.500000000E0
2.116082628E2,6.496561589E1,2.562012667E1,5.868670146E0,2.019999981E0,1.950000000E2,3.790092468E0,2.500000000E0
2.126077321E2,6.496559927E1,2.562011516E1,5.586978574E0,1.980000019E0,1.948000031E2,3.790092468E0,2.500000000E0
2.136077924E2,6.496558244E1,2.562010461E1,5.309803272E0,1.980000019E0,1.921000061E2,3.790092468E0,2.500000000E0
2.146079197E2,6.496556587E1,2.562009589E1,5.068943885E0,1.929999948E0,1.916999969E2,3.790092468E0,2.500000000E0
2.156076386E2,6.496554935E1,2.562008943E1,4.951009041E0,1.879999995E0,1.901000061E2,3.790092468E0,2.500000000E0
2.166084414E2,6.496553324E1,2.562008128E1,4.755621208E0,1.850000024E0,1.930000000E2,3.790092468E0,2.500000000E0
2.176079591E2,6.496551674E1,2.562007321E1,4.547049397E0,1.860000014E0,1.923000031E2,3.790092468E0,2.500000000E0
2.186079801E2,6.496550059E1,2.562006470E1,4.349647415E0,1.840000033E0,1.931999969E2,3.790092468E0,2.500000000E0
2.196084484E2,6.496548381E1,2.562005697E1,4.377098239E0,1.820000052E0,1.936000061E2,3.790092468E0,2.500000000E0
2.206082421E2,6.496546761E1,2.562004956E1,4.117745375E0,1.850000024E0,1.930000000E2,3.790092468E0,2.500000000E0
2.216078205E2,6.496545148E1,2.562004086E1,3.897821466E0,1.870000005E0,1.946000061E2,3.790092468E0,2.500000000E0
2.226080224E2,6.496543581E1,2.562003369E1,3.869548178E0,1.820000052E0,1.926999969E2,3.790092468E0,2.500000000E0
2.236077430E2,6.496541959E1,2.562002513E1,3.748623187E0,1.820000052E0,1.926999969E2,3.790092468E0,2.500000000E0
2.246082397E2,6.496540385E1,2.562001578E1,3.817457065E0,1.799999952E0,1.953000031E2,3.790092468E0,2.500000000E0
2.256080343E2,6.496538802E1,2.562000554E1,3.868773889E0,1.809999943E0,1.951000061E2,3.790092468E0,2.500000000E0
2.266081760E2,6.496537138E1,2.561999635E1,3.728195262E0,1.860000014E0,1.936000061E2,3.790092468E0,2.500000000E0
2.276078496E2,6.496535516E1,2.561998635E1,3.535493126E0,1.850000024E0,1.946000061E2,3.790092468E0,2.500000000E0
2.286077381E2,6.496533867E1,2.561997698E1,3.612138789E0,1.870000005E0,1.931000061E2,3.790092468E0,2.500000000E0
2.296081591E2,6.496532189E1,2.561996759E1,3.604494627E0,1.889999986E0,1.941000061E2,3.790092468E0,2.500000000E0
2.306079828E2,6.496530513E1,2.561995638E1,3.780261378E0,1.970000029E0,1.948000031E2,3.790092468E0,2.500000000E0
2.316079333E2,6.496528864E1,2.561994359E1,3.676304484E0,1.990000010E0,1.963000031E2,3.790092468E0,2.500000000E0
2.326078884E2,6.496527209E1,2.561993333E1,3.621968767E0,1.909999967E0,1.940000000E2,3.790092468E0,2.500000000E0
2.336084151E2,6.496525521E1,2.561992405E1,3.287603303E0,1.960000038E0,1.930000000E2,3.790092468E0,2.500000000E0
2.346083385E2,6.496523888E1,2.561991548E1,3.325735826E0,1.889999986E0,1.935000000E2,3.790092468E0,2.500000000E0
2.356079728E2,6.496522236E1,2.561990655E1,3.364722710E0,1.879999995E0,1.951000061E2,3.790092468E0,2.500000000E0
2.366076124E2,6.496520674E1,2.561988988E1,3.522119720E0,1.820000052E0,2.056999969E2,3.790092468E0,2.500000000E0
2.376081100E2,6.496519302E1,2.561986234E1,3.688675314E0,1.879999995E0,2.201999969E2,3.790092468E0,2.500000000E0
2.386082283E2,6.496518222E1,2.561982688E1,3.739573169E0,1.899999976E0,2.336000061E2,3.790092468E0,2.500000000E0
2.396078978E2,6.496517336E1,2.561978978E1,3.677252890E0,1.870000005E0,2.380000000E2,3.790092468E0,2.500000000E0
2.406079651E2,6.496516596E1,2.561975230E1,3.723149392E0,1.860000014E0,2.416999969E2,3.790092468E0,2.500000000E0
2.416083396E2,6.496515895E1,2.561971356E1,3.635928766E0,1.879999995E0,2.436000061E2,3.790092468E0,2.500000000E0
2.426083376E2,6.496515163E1,2.561967432E1,3.688173243E0,1.919999957E0,2.428000031E2,3.790092468E0,2.500000000E0
2.436080875E2,6.496514629E1,2.561963358E1,3.624880270E0,1.909999967E0,2.496999969E2,3.790092468E0,2.500000000E0
2.446077539E2,6.496514337E1,2.561959074E1,3.767766659E0,1.950000048E0,2.596000061E2,3.790092468E0,2.500000000E0
2.456093658E2,6.496514366E1,2.561954860E1,3.819835710E0,1.889999986E0,2.698999939E2,3.790092468E0,2.500000000E0
2.476093647E2,6.496514806E1,2.561946598E1,3.843777044E0,1.950000048E0,2.760000000E2,3.790092468E0,2.500000000E0
2.486086761E2,6.496515031E1,2.561942507E1,3.937778954E0,1.929999948E0,2.752999878E2,3.790092468E0,2.500000000E0
2.496093638E2,6.496515190E1,2.561938460E1,3.918010640E0,1.960000038E0,2.746000061E2,3.790092468E0,2.500000000E0
2.506091746E2,6.496515438E1,2.561934512E1,3.970386597E0,1.919999957E0,2.772999878E2,3.790092468E0,2.500000000E0
2.516088742E2,6.496515900E1,2.561930452E1,3.981382919E0,1.950000048E0,2.821000061E2,3.790092468E0,2.500000000E0
2.526087815E2,6.496516330E1,2.561926443E1,4.109383259E0,1.929999948E0,2.832999878E2,3.790092468E0,2.500000000E0
2.536090775E2,6.496516674E1,2.561922506E1,3.970048693E0,1.919999957E0,2.811000061E2,3.790092468E0,2.500000000E0
2.546093021E2,6.496516969E1,2.561918409E1,3.911463390E0,1.940000057E0,2.807999878E2,3.790092468E0,2.500000000E0
2.556093869E2,6.496517297E1,2.561914438E1,3.911716120E0,1.919999957E0,2.816000061E2,3.790092468E0,2.500000000E0
2.566086654E2,6.496517657E1,2.561910462E1,3.808087327E0,1.940000057E0,2.822000122E2,3.790092468E0,2.500000000E0
2.576086108E2,6.496518041E1,2.561906535E1,3.892752153E0,1.889999986E0,2.813999939E2,3.790092468E0,2.500000000E0
2.586090275E2,6.496518378E1,2.561902525E1,3.657165178E0,1.919999957E0,2.803999939E2,3.790092468E0,2.500000000E0
2.596087287E2,6.496518705E1,2.561898530E1,3.513863244E0,1.919999957E0,2.816000061E2,3.790092468E0,2.500000000E0
2.606094185E2,6.496519069E1,2.561894606E1,3.431474651E0,1.929999948E0,2.823999939E2,3.790092468E0,2.500000000E0
2.616089551E2,6.496519484E1,2.561890792E1,3.398463837E0,1.879999995E0,2.837000122E2,3.790092468E0,2.500000000E0
2.626085995E2,6.496519928E1,2.561886952E1,3.375890348E0,1.909999967E0,2.837000122E2,3.790092468E0,2.500000000E0
2.636087634E2,6.496520280E1,2.561883058E1,2.968428357E0,1.909999967E0,2.805000000E2,3.790092468E0,2.500000000E0
2.646089245E2,6.496520730E1,2.561879222E1,2.721001403E0,1.909999967E0,2.822000122E2,3.790092468E0,2.500000000E0
2.656094710E2,6.496521246E1,2.561875576E1,2.831729117E0,1.879999995E0,2.840000000E2,3.790092468E0,2.500000000E0
2.666094704E2,6.496521652E1,2.561871728E1,2.816723634E0,1.929999948E0,2.842000122E2,3.790092468E0,2.500000000E0
2.676089780E2,6.496522034E1,2.561867865E1,2.785787766E0,1.909999967E0,2.838999939E2,3.790092468E0,2.500000000E0
2.686089310E2,6.496522301E1,2.561863969E1,2.672148207E0,1.840000033E0,2.805000000E2,3.790092468E0,2.500000000E0
2.696088115E2,6.496522630E1,2.561859917E1,2.808326350E0,1.850000024E0,2.827000122E2,3.790092468E0,2.500000000E0
2.706093323E2,6.496522998E1,2.561855948E1,2.765915884E0,1.850000024E0,2.832000122E2,3.790092468E0,2.500000000E0
2.716091562E2,6.496523333E1,2.561851897E1,2.671442226E0,1.909999967E0,2.817000122E2,3.790092468E0,2.500000000E0
2.726093169E2,6.496523533E1,2.561848093E1,2.762635884E0,1.850000024E0,2.797000122E2,3.790092468E0,2.500000000E0
2.736089287E2,6.496523665E1,2.561844110E1,3.001656286E0,1.889999986E0,2.780000000E2,3.790092468E0,2.500000000E0
2.746087452E2,6.496523858E1,2.561840120E1,3.069595737E0,1.879999995E0,2.772999878E2,3.790092468E0,2.500000000E0
2.756091039E2,6.496524029E1,2.561835955E1,2.990745668E0,1.899999976E0,2.765000000E2,3.790092468E0,2.500000000E0
2.766092614E2,6.496524227E1,2.561832012E1,3.086883344E0,1.850000024E0,2.777000122E2,3.790092468E0,2.500000000E0
2.776095402E2,6.496524402E1,2.561828100E1,3.075598884E0,1.850000024E0,2.757000122E2,3.790092468E0,2.500000000E0
2.786093875E2,6.496524586E1,2.561824028E1,3.380171662E0,1.830000043E0,2.757000122E2,3.790092468E0,2.500000000E0
2.796092887E2,6.496524802E1,2.561819883E1,3.362357152E0,1.909999967E0,2.752000122E2,3.790092468E0,2.500000000E0
2.806088842E2,6.496524917E1,2.561815821E1,3.501462948E0,1.879999995E0,2.743999939E2,3.790092468E0,2.500000000E0
2.816095321E2,6.496525038E1,2.561811833E1,3.605656591E0,1.870000005E0,2.738999939E2,3.790092468E0,2.500000000E0
2.826090231E2,6.496525189E1,2.561807801E1,3.514477046E0,1.870000005E0,2.741000061E2,3.790092468E0,2.500000000E0
2.836094994E2,6.496525320E1,2.561803789E1,3.466876383E0,1.870000005E0,2.733999939E2,3.790092468E0,2.500000000E0
2.846089933E2,6.496525343E1,2.561799896E1,3.444787220E0,1.840000033E0,2.711000061E2,3.790092468E0,2.500000000E0
2.856086157E2,6.496525317E1,2.561796058E1,3.287016360E0,1.830000043E0,2.697999878E2,3.790092468E0,2.500000000E0
2.866086333E2,6.496525320E1,2.561792114E1,3.345676588E0,1.850000024E0,2.697999878E2,3.790092468E0,2.500000000E0
2.876090736E2,6.496525258E1,2.561788127E1,3.302651682E0,1.840000033E0,2.677999878E2,3.790092468E0,2.500000000E0
2.886089341E2,6.496525288E1,2.561784021E1,3.443465710E0,1.929999948E0,2.713999939E2,3.790092468E0,2.500000000E0
2.896085872E2,6.496525312E1,2.561779960E1,3.353566729E0,1.929999948E0,2.702999878E2,3.790092468E0,2.500000000E0
2.906090679E2,6.496525335E1,2.561776042E1,3.439021545E0,1.830000043E0,2.686000061E2,3.790092468E0,2.500000000E0
2.916094764E2,6.496525371E1,2.561772003E1,3.536683683E0,1.870000005E0,2.710000000E2,3.790092468E0,2.500000000E0
2.926090387E2,6.496525346E1,2.561768171E1,3.453558821E0,1.830000043E0,2.692999878E2,3.790092468E0,2.500000000E0
2.936089778E2,6.496525291E1,2.561764432E1,3.649425244E0,1.799999952E0,2.675000000E2,3.790092468E0,2.500000000E0
2.946093587E2,6.496525147E1,2.561760602E1,3.820327561E0,1.820000052E0,2.657000122E2,3.790092468E0,2.500000000E0
2.956089756E2,6.496524819E1,2.561756720E1,3.900407879E0,1.899999976E0,2.595000000E2,3.790092468E0,2.500000000E0
2.966084753E2,6.496524526E1,2.561752963E1,4.206196367E0,1.799999952E0,2.617000122E2,3.790092468E0,2.500000000E0
2.976086333E2,6.496524124E1,2.561749178E1,4.245504360E0,1.870000005E0,2.577999878E2,3.790092468E0,2.500000000E0
2.986088061E2,6.496523701E1,2.561745422E1,4.303549905E0,1.860000014E0,2.555000000E2,3.790092468E0,2.500000000E0
2.996094618E2,6.496523301E1,2.561741679E1,4.502586863E0,1.809999943E0,2.581000061E2,3.790092468E0,2.500000000E0
3.006087981E2,6.496522894E1,2.561737927E1,4.547998278E0,1.840000033E0,2.566000061E2,3.790092468E0,2.500000000E0
3.016094783E2,6.496522486E1,2.561734205E1,4.861231909E0,1.860000014E0,2.570000000E2,3.790092468E0,2.500000000E0
3.026094158E2,6.496522113E1,2.561730604E1,5.067287973E0,1.809999943E0,2.572999878E2,3.790092468E0,2.500000000E0
3.036090428E2,6.496521628E1,2.561726833E1,4.931546325E0,1.879999995E0,2.531999969E2,3.790092468E0,2.500000000E0
3.046086608E2,6.496521143E1,2.561723210E1,4.765408967E0,1.840000033E0,2.500000000E2,3.790092468E0,2.500000000E0
3.056094692E2,6.496520718E1,2.561719371E1,4.796538104E0,1.889999986E0,2.541999969E2,3.790092468E0,2.500000000E0
3.066093837E2,6.496520155E1,2.561715797E1,5.013944854E0,1.850000024E0,2.508999939E2,3.790092468E0,2.500000000E0
3.076084675E2,6.496519740E1,2.561712331E1,5.329863614E0,1.840000033E0,2.505000000E2,3.790092468E0,2.500000000E0
3.086088489E2,6.496519188E1,2.561708984E1,5.416899064E0,1.820000052E0,2.458000031E2,3.790092468E0,2.500000000E0
3.096094007E2,6.496518401E1,2.561705685E1,5.275111402E0,1.779999971E0,2.388999939E2,3.790092468E0,2.500000000E0
3.106086416E2,6.496517549E1,2.561702202E1,5.156089484E0,1.840000033E0,2.393999939E2,3.790092468E0,2.500000000E0
3.116091221E2,6.496516599E1,2.561699025E1,5.285784472E0,1.779999971E0,2.371000061E2,3.790092468E0,2.500000000E0
